Published Date,Company Name,Skills,More Info
Posted 6 days ago,Larsen&ToubroInfotechLtd,python-bi-sql-visualstudio-database-ssrs,https://www.timesjobs.com/job-detail/python-larsen-toubro-infotech-ltd-mumbai-5-to-8-yrs-jobid-Sx9HRKKoMb1zpSvf__PLUS__uAgZw==&source=srp
Posted few days ago,3RITechnologiesPvtLtd,algorithms-python-django-datastructures-mysql-sql,https://www.timesjobs.com/job-detail/python-3ri-technologies-pvt-ltd-pune-0-to-3-yrs-jobid-NUo__PLUS__Yh8xWVdzpSvf__PLUS__uAgZw==&source=srp
Posted few days ago,SuryaInformaticsSolutionsPvt.Ltd.,python-webtechnologies-linux-mobile-mysql-angularjs-javascript,https://www.timesjobs.com/job-detail/python-surya-informatics-solutions-pvt-ltd-chennai-0-to-3-yrs-jobid-UVlLes58wutzpSvf__PLUS__uAgZw==&source=srp
Posted few days ago,INFOWIZSoftwareSolutions,python-django-git-html5-debugging-svn-javascript,https://www.timesjobs.com/job-detail/python-infowiz-software-solutions-chandigarh-3-to-4-yrs-jobid-fnXnqSfE3GNzpSvf__PLUS__uAgZw==&source=srp
Posted 2 days ago,Larsen&ToubroInfotechLtd,linearregression-factoranalysis-textmining-logisticregression-statisticalanalysis,https://www.timesjobs.com/job-detail/python-larsen-toubro-infotech-ltd-mumbai-0-to-3-yrs-jobid-DSWjxWC__PLUS__kYxzpSvf__PLUS__uAgZw==&source=srp
Posted few days ago,GEMINISOFTWARESOLUTIONS,python-mobile-svn-nosql-pythonscripting-git-sqldatabase,https://www.timesjobs.com/job-detail/qa-python-python-sdet-gemini-software-solutions-gurgaon-4-to-7-yrs-jobid-jsOuZLK8chlzpSvf__PLUS__uAgZw==&source=srp
Posted few days ago,GeminiSolutions,python-mobile-svn-nosql-pythonscripting-git-api-sqldatabase,https://www.timesjobs.com/job-detail/qa-python-python-sdet-gemini-solutions-gurgaon-4-to-7-yrs-jobid-eGMLzwOk2QlzpSvf__PLUS__uAgZw==&source=srp
Work from Home     ,RESEARCHDEVELOPERS(MoreJobs),python-research,https://www.timesjobs.com/job-detail/python-developer-python-programmer-research-developers-delhi-delhi-ncr-noida-greater-noida-0-to-3-yrs-jobid-3MUarDWEYwBzpSvf__PLUS__uAgZw==&source=srp
Posted 1 day ago,SEVENCONSULTANCY,rest-python-storage,https://www.timesjobs.com/job-detail/python-developer-seven-consultancy-navi-mumbai-mumbai-thane-1-to-3-yrs-jobid-Onhi0Onyo79zpSvf__PLUS__uAgZw==&source=srp
Posted 2 days ago,PHENOMPEOPLE,Python-SQL-upgradeData,https://www.timesjobs.com/job-detail/python-developer-phenom-people-hyderabad-secunderabad-4-to-6-yrs-jobid-saUp293ruL5zpSvf__PLUS__uAgZw==&source=srp
Posted few days ago,PHENOMPEOPLE,customAirflowOperators-Python-Pythonframeworks,https://www.timesjobs.com/job-detail/python-developer-phenom-people-hyderabad-secunderabad-4-to-6-yrs-jobid-YKe9R8NDEQZzpSvf__PLUS__uAgZw==&source=srp
Posted 6 days ago,BHSSTAFFINGSERVICESPVT.LTD.,python-mobile-debugging,https://www.timesjobs.com/job-detail/python-developer-bhs-staffing-services-pvt-ltd-mumbai-thane-1-to-2-yrs-jobid-ew0D32__SLASH__DudRzpSvf__PLUS__uAgZw==&source=srp
Posted 6 days ago,TandAHRSolutions,python-git-django,https://www.timesjobs.com/job-detail/python-developer-tanda-hr-solutions-chandigarh-5-to-8-yrs-jobid-id252yPhiLZzpSvf__PLUS__uAgZw==&source=srp
Posted few days ago,TandAHRSolutions,python-git-django,https://www.timesjobs.com/job-detail/python-developers-tanda-hr-solutions-chandigarh-2-to-5-yrs-jobid-OtVSvO0kmYNzpSvf__PLUS__uAgZw==&source=srp
Posted few days ago,JobsLoConsultants,python-linux-windows-sql,https://www.timesjobs.com/job-detail/python-developer-jobslo-consultants-indore-2-to-3-yrs-jobid-XP1detWpoa5zpSvf__PLUS__uAgZw==&source=srp
Posted 3 days ago,APPLYCUPHIRINGSOLUTIONSLLP,python-django-html5-javascript,https://www.timesjobs.com/job-detail/python-developer-applycup-hiring-solutions-llp-gandhinagar-2-to-4-yrs-jobid-t8Ti7DllljpzpSvf__PLUS__uAgZw==&source=srp
Posted few days ago,LAKSHHUMANRESOURCE,rest-python-django-git,https://www.timesjobs.com/job-detail/python-developer-laksh-human-resource-mumbai-1-to-3-yrs-jobid-Bo79FYBR7__SLASH__5zpSvf__PLUS__uAgZw==&source=srp
Posted few days ago,AtoZInfowayLLP,python-django-html5-javascript,https://www.timesjobs.com/job-detail/python-developer-atoz-infoway-llp-surat-2-to-5-yrs-jobid-9w04LC4mcx5zpSvf__PLUS__uAgZw==&source=srp
Posted few days ago,Larsen&ToubroInfotechLtd,c-python-tibco-tk-tcl,https://www.timesjobs.com/job-detail/c-python-larsen-toubro-infotech-ltd-mumbai-10-to-13-yrs-jobid-9VKRi8__SLASH__WcyhzpSvf__PLUS__uAgZw==&source=srp
Posted 2 days ago,APPLYCUPHIRINGSOLUTIONSLLP,python-security-webdeveloper-storage-mongodb,https://www.timesjobs.com/job-detail/python-developer-applycup-hiring-solutions-llp-ahmedabad-1-to-4-yrs-jobid-Sq8U1RfiYD5zpSvf__PLUS__uAgZw==&source=srp
Posted few days ago,SATRAInfrastructureManagement,algorithms-python-debugging,https://www.timesjobs.com/job-detail/python-developer-satra-infrastructure-management-hyderabad-secunderabad-5-to-8-yrs-jobid-NN4FiC2z3rhzpSvf__PLUS__uAgZw==&source=srp
Posted 4 days ago,AngelandGenie,python-html5-javascript-security-django-debugging,https://www.timesjobs.com/job-detail/python-developer-angel-and-genie-noida-greater-noida-3-to-6-yrs-jobid-FTkkHHh7rWtzpSvf__PLUS__uAgZw==&source=srp
Posted few days ago,FresherMart,python-django-DjangoFramework,https://www.timesjobs.com/job-detail/python-developer-freshermart-navi-mumbai-mumbai-0-to-1-yrs-jobid-PUYMPEa4NaFzpSvf__PLUS__uAgZw==&source=srp
Posted few days ago,PleasantInc,python-technologymanagement-bpm,https://www.timesjobs.com/job-detail/python-developer-pleasant-inc-surat-0-to-3-yrs-jobid-lNLD0zTZvBZzpSvf__PLUS__uAgZw==&source=srp
Posted few days ago,PleasantInc,python-technologymanagement-bpm,https://www.timesjobs.com/job-detail/python-developer-pleasant-inc-surat-0-to-3-yrs-jobid-V2vaoZWW01pzpSvf__PLUS__uAgZw==&source=srp
